{"cameraMode":{"drawMode":0,"name":"Shaded","section":"Shading Mode"},"sceneLighting":true,"audioPlay":false,"sceneViewState":{"m_AlwaysRefresh":false,"showFog":true,"showSkybox":true,"showFlares":true,"showImageEffects":true,"showParticleSystems":true,"showVisualEffectGraphs":true,"m_FxEnabled":true},"in2DMode":false,"pivot":{"x":-4.303849697113037,"y":94.0715103149414,"z":241.85763549804688},"rotation":{"x":0.3837496042251587,"y":-0.01385028101503849,"z":0.005757998209446669,"w":0.9233211278915405},"size":353.55340576171877,"orthographic":false}